{
    "root":"/home/zyf/dataset",
    "train":
    {
        "mot17":"./data/mot17.train",
        "caltech":"./data/caltech.all",
        "citypersons":"./data/citypersons.train",
        "cuhksysu":"./data/cuhksysu.train",
        "prw":"./data/prw.train",
        "eth":"./data/eth.train",
        "crowdhuman_train":"./data/crowdhuman.train",
        "crowdhuman_val":"./data/crowdhuman.val"
    },
    "test_emb":
    {
        "mot15":"./data/mot15.val"
    },
    "test":
    {
        "mot15":"./data/mot15.val"
    }
}
